{"warmup/mean_loss":0.5994929776223082,"train/baseline":0.31254576222822217,"train/n_updates":124416,"train/mean_loss":-0.23686759228758278,"train/std_advantage":0.6554155682991794,"train/mean_reward":0.19237082529708888,"train/mean_return":0.36264417394213067,"_step":60,"train/std_reward":0.39322071784672175,"train/noise_prob":0.015707561746239662,"_runtime":9031.020993265,"val/median_flips":43,"_wandb":{"runtime":9031},"train/lr":2.1370139381221737e-05,"_timestamp":1.7769053604142976e+09,"train/mean_entropy":0.6035056626261607,"train/mean_advantage":0.00021138207857828223}