{"train/lr":2.1370139381221737e-05,"_step":60,"train/mean_entropy":0.013190249352121503,"train/n_updates":353712,"_runtime":9601.731133521,"_timestamp":1.7768381857016797e+09,"train/baseline":0.11446285419970677,"train/epoch":60,"val/median_flips":103.5,"_wandb":{"runtime":9601},"train/mean_loss":0.02519513320606415,"warmup/mean_loss":0.6108219676660864}