{"train/std_advantage":0.7774425689165646,"train/lr":2.1370139381221737e-05,"train/mean_advantage":-0.0007718103873928452,"train/std_reward":0.45941321293508913,"train/noise_prob":0.005984720773994923,"train/baseline":0.9325226081264469,"_runtime":1370.451419634,"train/mean_entropy":0.4429328935208545,"val/median_flips":15,"_step":60,"warmup/mean_loss":0.5495101996864143,"_timestamp":1.7768976982093644e+09,"train/n_updates":12122,"train/mean_return":1.0357821957047537,"_wandb":{"runtime":1370},"train/mean_reward":0.479725506345547,"train/mean_loss":0.023556683002669557}