{"_wandb":{"runtime":53925},"_step":60,"train/n_updates":1622386,"train/mean_loss":0.04487831865506837,"_runtime":53925.675256536,"train/baseline":-0.003304795456081155,"train/lr":2.1370139381221737e-05,"val/median_flips":15,"warmup/mean_loss":0.7312036643216484,"_timestamp":1.7768789889957023e+09,"train/epoch":60}