{"train/n_updates":31307,"train/baseline":5.135524937804268,"_step":60,"val/median_flips":18,"_wandb":{"runtime":3090},"warmup/mean_loss":0.5858554328546712,"train/mean_loss":0.011037449024366146,"_runtime":3090.45199693,"_timestamp":1.7768278794180028e+09,"train/lr":2.1370139381221737e-05,"train/epoch":60}