{"train/lr":2.1370139381221737e-05,"train/baseline":6.1181017669839965,"train/mean_loss":-0.18844974467446887,"train/mean_reward":1.8043376115933427,"train/mean_entropy":0.08571724426868958,"train/std_kl_to_ref":1.4906505042121478,"train/std_advantage":5.08532375026045,"val/median_flips":18,"train/mean_policy_entropy":0.08571724426868958,"_wandb":{"runtime":1347},"_step":60,"warmup/mean_loss":0.5854611944524866,"_runtime":1347.212765445,"_timestamp":1.7769264021078584e+09,"train/std_reward":2.6471385985476896,"train/mean_kl_to_ref":0.7053199841239364,"train/n_updates":21636,"train/mean_advantage":0.0024588038605129004,"train/mean_return":4.27094969394181}