{"val/median_flips":33,"train/mean_policy_entropy":0.09791182368481778,"train/std_reward":2.5233127259612207,"warmup/mean_loss":0.6017810579036411,"train/mean_reward":2.4965074401138128,"train/mean_return":5.769519866725683,"_wandb":{"runtime":6071},"train/std_kl_to_ref":0.8207691060032326,"train/mean_kl_to_ref":0.5942097190402179,"_timestamp":1.7769311267211227e+09,"train/std_advantage":4.471928781438486,"_runtime":6071.209122908,"train/mean_loss":-0.13403494056734108,"train/lr":2.1370139381221737e-05,"train/mean_advantage":0.0004502373595389035,"train/mean_entropy":0.09791182368481778,"train/n_updates":59023,"train/baseline":5.989497427479747,"_step":60}