{"_runtime":3898.903400825,"_step":60,"train/mean_entropy":0.012723070852013409,"_timestamp":1.7768325224528608e+09,"train/mean_loss":0.015018724283125517,"train/baseline":2.000996308212919,"warmup/mean_loss":0.5858554328546712,"_wandb":{"runtime":3898},"train/lr":2.1370139381221737e-05,"val/median_flips":30,"train/epoch":60,"train/n_updates":54893}