{"warmup/mean_loss":0.7939730885468032,"val/median_flips":44,"train/epoch":60,"_runtime":2380.417779485,"_step":60,"train/solved_rate":1,"_timestamp":1.7768273180273678e+09,"train/noise_prob":5.55877583963138e-08,"train/mean_loss":0.003755662201827746,"train/lr":2.1370139381221737e-05,"_wandb":{"runtime":2380}}