{"train/lr":2.1370139381221737e-05,"_runtime":393.641331034,"train/mean_entropy":0.13264635936835695,"train/mean_kl_to_ref":0.4711906715249491,"train/mean_return":7.832590494979774,"train/mean_loss":0.026016235118163766,"train/baseline":9.337227480508032,"train/mean_policy_entropy":0.13264635936835695,"train/mean_advantage":0.027184709169143884,"train/std_reward":2.596067119799749,"train/std_kl_to_ref":0.43540556327666685,"train/n_updates":3461,"_timestamp":1.7769254491830568e+09,"val/median_flips":10,"_step":60,"_wandb":{"runtime":393},"train/std_advantage":4.82018653086906,"train/mean_reward":2.2026313166550384,"warmup/mean_loss":0.632293642314674}