{"train/mean_loss":0.005759108180364389,"_wandb":{"runtime":1056},"warmup/mean_loss":0.7814732284294932,"train/solved_rate":1,"_runtime":1056.732891309,"_step":60,"val/median_flips":21,"train/epoch":60,"_timestamp":1.7768258806183736e+09,"train/noise_prob":1.9419168495460326e-08,"train/lr":2.1370139381221737e-05}