{"train/baseline":0.2869861138288765,"train/epoch":60,"warmup/mean_loss":0.6350216196085278,"train/mean_loss":7.672613545607191,"_wandb":{"runtime":19881},"val/median_flips":117.5,"train/n_updates":340267,"_step":60,"_runtime":19881.552810117,"_timestamp":1.7768484571213472e+09,"train/lr":2.1370139381221737e-05,"train/mean_entropy":0.02986082721294023}