{"train/lr":2.1370139381221737e-05,"train/epoch":60,"_wandb":{"runtime":54672},"_timestamp":1.7768794373977978e+09,"val/median_flips":900,"_runtime":54672.751428304,"warmup/mean_loss":0.6108219676660864,"_step":60,"train/baseline":0.00011312195185977621,"train/mean_loss":0.005969405337645232,"train/n_updates":1681235}