{"warmup/mean_loss":0.8027300985863334,"_runtime":1368.154976818,"train/mean_loss":0.003308596326649805,"_timestamp":1.776826209886337e+09,"train/solved_rate":1,"val/median_flips":35,"_step":60,"_wandb":{"runtime":1368},"train/epoch":60,"train/lr":2.1370139381221737e-05,"train/noise_prob":3.1004169898096734e-08}