{"_runtime":17464.85406796,"_timestamp":1.7768423887525582e+09,"train/mean_loss":-0.12060773178990081,"val/median_flips":37,"train/baseline":6.737774906225894,"warmup/mean_loss":0.6199439473058048,"train/epoch":60,"train/n_updates":59383,"_step":60,"_wandb":{"runtime":17464},"train/lr":2.1370139381221737e-05}