{"train/baseline":8.061187469942821,"_timestamp":1.7769201344822357e+09,"train/mean_return":10.09981600926948,"_wandb":{"runtime":3141},"train/mean_reward":4.053676419727467,"train/mean_loss":-0.5339408173679475,"train/mean_advantage":-0.010198034054968472,"_step":60,"train/std_advantage":10.031502364068507,"train/lr":2.1370139381221737e-05,"val/median_flips":22,"warmup/mean_loss":0.8586792110141955,"train/mean_entropy":0.27973630504838715,"train/std_reward":5.018039536309576,"train/n_updates":24462,"_runtime":3141.064797745}