{"train/mean_entropy":0.6320858534561282,"train/n_updates":19671,"train/mean_advantage":0.0005304130883820896,"train/mean_loss":-0.08823354423603623,"val/median_flips":19.5,"train/mean_reward":0.8225908794197097,"train/noise_prob":0.011968703009188175,"train/baseline":1.8422860119087938,"train/std_advantage":0.40457503758130076,"train/std_reward":0.33423498843856486,"_timestamp":1.776907712554844e+09,"warmup/mean_loss":0.5821202076814677,"train/lr":2.1370139381221737e-05,"_step":60,"train/mean_return":1.8264899169780138,"_runtime":11383.263210822,"_wandb":{"runtime":11383}}