{"train/mean_entropy":0.011578576972213874,"train/mean_return":5.080360404297353,"_runtime":6628.740004001,"_timestamp":1.7769316832453008e+09,"train/mean_advantage":-0.0025202773651548326,"train/mean_kl_to_ref":0.8494144730523845,"val/median_flips":40.5,"warmup/mean_loss":0.6326947184691304,"train/mean_policy_entropy":0.011578576972213874,"train/n_updates":118573,"_wandb":{"runtime":6628},"train/std_kl_to_ref":1.3317444879732727,"train/mean_reward":2.4554527414536285,"_step":60,"train/baseline":4.461494279520231,"train/mean_loss":-0.027291447738127247,"train/std_advantage":8.438149663033036,"train/std_reward":4.880702848137343,"train/lr":2.1370139381221737e-05}