{"train/n_updates":19039,"_runtime":11033.845798943,"train/mean_advantage":-0.0005964386708234511,"_wandb":{"runtime":11033},"train/std_advantage":0.6301927628850225,"train/baseline":1.466518932451172,"_timestamp":1.7769073614922314e+09,"train/std_reward":0.4712150842557151,"train/noise_prob":0.02277970314025879,"warmup/mean_loss":0.6319871668263084,"train/mean_reward":0.33307631758505873,"val/median_flips":12,"train/lr":2.1370139381221737e-05,"train/mean_entropy":0.5333975209928457,"train/mean_return":0.45983637298763474,"_step":60,"train/mean_loss":-0.10893567966089031}