{"_wandb":{"runtime":680},"_runtime":680.321455992,"val/median_flips":13,"_step":60,"train/mean_loss":0.013753631512464429,"train/epoch":60,"warmup/mean_loss":0.8645358243427779,"train/lr":2.1370139381221737e-05,"_timestamp":1.776826023418262e+09,"train/solved_rate":1,"train/noise_prob":1.4150655758271569e-08}