{"train/std_reward":3.245919399244745,"_step":60,"train/std_advantage":6.163055065828542,"_wandb":{"runtime":2726},"train/lr":2.1370139381221737e-05,"train/mean_kl_to_ref":0.7278580601943992,"val/median_flips":25,"train/baseline":7.005989301542954,"train/mean_reward":2.023173512097186,"train/mean_loss":-0.1470636105292218,"warmup/mean_loss":0.6000279763576232,"train/mean_advantage":0.004368654645482047,"_runtime":2726.575815331,"train/mean_return":4.689692895448888,"train/std_kl_to_ref":1.4473764288309614,"_timestamp":1.7769277825749917e+09,"train/mean_entropy":0.060679901576618525,"train/mean_policy_entropy":0.060679901576618525,"train/n_updates":39776}