{"_runtime":618.031171249,"train/epoch":60,"train/lr":2.1370139381221737e-05,"train/solved_rate":0.9994736842105263,"val/median_flips":15,"_wandb":{"runtime":618},"_step":60,"warmup/mean_loss":0.7399683993584232,"_timestamp":1.776825441469393e+09,"train/mean_loss":0.013119071129231668,"train/noise_prob":2.0529318689455067e-08}