{"_runtime":18.722241083,"_step":2,"warmup/mean_loss":0.6422211948448868,"_timestamp":1.776895657187256e+09,"_wandb":{"runtime":18}}