{"warmup/mean_loss":0.582067009696835,"_step":60,"train/epoch":60,"val/median_flips":57,"train/lr":2.1370139381221737e-05,"train/mean_loss":1.2270093603862375,"_wandb":{"runtime":3893},"_runtime":3893.489091624,"_timestamp":1.7768324702498012e+09,"train/n_updates":71202,"train/mean_entropy":0.08429786174579476,"train/baseline":2.8962214128606125}