{"train/mean_reward":1.3202637850543566,"train/lr":2.1370139381221737e-05,"train/std_reward":2.2515576119549396,"train/baseline":1.4566275629991048,"_step":60,"warmup/mean_loss":0.6565251504602269,"train/mean_advantage":-0.014938841818892854,"train/mean_return":1.813395625873515,"train/mean_entropy":0.4147657267873859,"_runtime":808.501418954,"_timestamp":1.776917801544366e+09,"train/mean_loss":-0.374816934292766,"val/median_flips":11,"train/std_advantage":3.493606109202871,"train/n_updates":14310,"_wandb":{"runtime":808}}