{"_step":60,"train/mean_reward":1.4636539859462079,"train/n_updates":7922,"train/baseline":3.6407307784723506,"train/mean_advantage":0.01662620956836225,"train/std_reward":1.9778862728185782,"warmup/mean_loss":0.5548381701058706,"train/mean_return":3.106000546342464,"train/mean_loss":-0.24355229745436588,"val/median_flips":11,"_wandb":{"runtime":562},"train/mean_entropy":0.15543337878618002,"train/std_advantage":3.6902574037450333,"_timestamp":1.7769175559999456e+09,"train/lr":2.1370139381221737e-05,"_runtime":562.724613951}