{"train/lr":2.1370139381221737e-05,"val/median_flips":11,"train/mean_return":3.55908203125,"train/mean_entropy":0.06656537656623698,"train/baseline":5.395145040036092,"train/std_advantage":3.8341641724008997,"train/mean_loss":-0.07666188103431916,"_wandb":{"runtime":534},"train/std_kl_to_ref":1.478604110718979,"_runtime":534.662340485,"_step":60,"train/mean_policy_entropy":0.06656537656623698,"train/mean_advantage":0.021916776619555652,"warmup/mean_loss":0.5496966297929794,"train/n_updates":6848,"train/mean_reward":1.595422091558169,"_timestamp":1.7769255897008643e+09,"train/std_reward":2.0245417918496558,"train/mean_kl_to_ref":0.6554702287876906}