{"train/n_updates":23035,"train/mean_reward":1.662994011976048,"_runtime":1247.864345186,"_step":60,"warmup/mean_loss":0.5944628130252424,"train/mean_loss":-0.40942057287343103,"train/baseline":4.1776153200419595,"train/lr":2.1370139381221737e-05,"val/median_flips":18.5,"_timestamp":1.7769182412693372e+09,"train/std_advantage":4.901073822640656,"_wandb":{"runtime":1247},"train/std_reward":2.5714150709346812,"train/mean_return":3.765598206533536,"train/mean_entropy":0.15845688887028744,"train/mean_advantage":0.0017857316744616606}