{"train/lr":2.1370139381221737e-05,"train/baseline":7.964959314457715,"val/median_flips":18,"train/mean_loss":-0.3730788119721243,"train/mean_advantage":0.0021416569830358012,"warmup/mean_loss":0.5863797997095083,"train/mean_return":7.7248810025692185,"train/std_reward":1.9220094289085188,"train/std_advantage":2.8621604554792044,"train/mean_entropy":0.1825619961059527,"_step":60,"_wandb":{"runtime":772},"_timestamp":1.7769177835878599e+09,"train/n_updates":14158,"train/mean_reward":2.8390155518647138,"_runtime":772.098352928}