{"_wandb":{"runtime":2586},"warmup/mean_loss":0.5500325457542357,"val/median_flips":33,"train/n_updates":60108,"_runtime":2586.681068164,"train/mean_loss":0.03340965565537595,"train/baseline":0.4116915392949403,"_step":60,"train/mean_entropy":0.03206908213679001,"train/lr":2.1370139381221737e-05,"_timestamp":1.7768311626830132e+09,"train/epoch":60}