{"train/std_kl_to_ref":0.36177763562681625,"train/std_advantage":4.345580705635211,"_wandb":{"runtime":6162},"_step":60,"_timestamp":1.7769312181936939e+09,"train/mean_loss":0.0018425076599015652,"train/std_reward":2.852060537984912,"train/mean_entropy":0.28970759632545007,"train/mean_reward":0.8565454309561908,"train/lr":2.1370139381221737e-05,"train/mean_kl_to_ref":0.3466738709267333,"val/median_flips":18.5,"train/mean_advantage":0.002042868257227207,"train/mean_return":1.3542203432761024,"warmup/mean_loss":0.7269115344631044,"_runtime":6162.95514917,"train/n_updates":212269,"train/mean_policy_entropy":0.28970759632545007,"train/baseline":5.550017780960958}