{"_runtime":6762.43928339,"train/epoch":60,"train/n_updates":143763,"val/median_flips":56.5,"train/mean_loss":0.03568612345714332,"warmup/mean_loss":0.5866337069123984,"_timestamp":1.7768353389643319e+09,"train/baseline":1.3652999565146933,"_wandb":{"runtime":6762},"_step":60,"train/mean_entropy":0.02149378046335622,"train/lr":2.1370139381221737e-05}