{"train/solved_rate":1,"val/median_flips":48.5,"warmup/mean_loss":1.0441958122190675,"train/lr":2.1370139381221737e-05,"_runtime":5669.082220846,"_step":60,"_wandb":{"runtime":5669},"_timestamp":1.7768310230033562e+09,"train/epoch":60,"train/noise_prob":4.2951779022359915e-08,"train/mean_loss":0.005185912716589978}