{"train/mean_loss":-5.652719168179971,"train/baseline":2.6070845356720658,"_wandb":{"runtime":2343},"_runtime":2343.493706679,"_step":60,"train/lr":2.1370139381221737e-05,"train/mean_entropy":0.10668622166968646,"train/epoch":60,"val/median_flips":20,"warmup/mean_loss":0.5849033511861375,"train/n_updates":37966,"_timestamp":1.7768309622541306e+09}