{"train/mean_entropy":0.3250464377651734,"_runtime":2548.289450223,"train/mean_reward":1.5019731440527584,"val/median_flips":29.5,"train/std_reward":2.9186927656673327,"train/lr":2.1370139381221737e-05,"_step":60,"warmup/mean_loss":0.6140772353975397,"train/n_updates":56518,"train/mean_loss":-0.6898426282713359,"train/baseline":4.757913330733702,"_timestamp":1.7769195416146867e+09,"train/std_advantage":5.288203249614728,"train/mean_advantage":0.004936506880345561,"train/mean_return":3.1236542934883578,"_wandb":{"runtime":2548}}