{"train/n_updates":44031,"val/median_flips":33,"_runtime":3583.081295405,"_step":60,"warmup/mean_loss":0.6332897835119571,"train/mean_entropy":0.028385039593857384,"_timestamp":1.7768321880908575e+09,"train/baseline":1.266016442549703,"_wandb":{"runtime":3583},"train/mean_loss":0.05575236026035269,"train/lr":2.1370139381221737e-05,"train/epoch":60}