{"val/median_flips":48,"_runtime":2632.586903807,"train/lr":2.1370139381221737e-05,"warmup/mean_loss":0.8458780307205099,"_step":60,"train/mean_loss":0.0020192315180148105,"train/solved_rate":0.9994736842105263,"train/noise_prob":3.632644762774362e-08,"_timestamp":1.7768274740256262e+09,"train/epoch":60,"_wandb":{"runtime":2632}}