{"_runtime":6243.636570184,"_step":60,"train/lr":2.1370139381221737e-05,"_timestamp":1.7768313397832763e+09,"train/baseline":9.238067423095188,"warmup/mean_loss":0.7304401907324791,"train/n_updates":30453,"val/median_flips":22.5,"train/epoch":60,"_wandb":{"runtime":6243},"train/mean_loss":0.4328884025057744}