{"train/mean_advantage":0.0009198411162207763,"_wandb":{"runtime":943},"warmup/mean_loss":0.5826585311246546,"val/median_flips":18,"train/mean_return":7.997042679332271,"_timestamp":1.7769259995657287e+09,"train/mean_reward":2.9526761547192875,"_runtime":943.730337002,"train/n_updates":15373,"train/mean_loss":-0.20553875641065017,"train/lr":2.1370139381221737e-05,"train/mean_entropy":0.1390214027039391,"train/std_kl_to_ref":0.41513119738913806,"train/std_advantage":2.558749409944556,"train/baseline":8.02050562430072,"train/mean_policy_entropy":0.1390214027039391,"_step":60,"train/std_reward":1.8778205609968355,"train/mean_kl_to_ref":0.4977193607170679}